names,scores,logfoldchanges,pvals,pvals_adj,pct_nz_group,group,contrast
SORL1,122.57297,4.7986155,0.0,0.0,0.9675181241504305,Micro-PVM_2,DAM_vs_Homeostatic
NAV3,118.4368,4.146546,0.0,0.0,0.933896409152696,Micro-PVM_2,DAM_vs_Homeostatic
EPB41L2,114.8591,3.15859,0.0,0.0,0.9733022768463978,Micro-PVM_2,DAM_vs_Homeostatic
FRMD4A,114.43986,2.2079406,0.0,0.0,0.9956884345265066,Micro-PVM_2,DAM_vs_Homeostatic
ABCC4,109.31027,4.3669662,0.0,0.0,0.8785186338921613,Micro-PVM_2,DAM_vs_Homeostatic
ST6GAL1,108.08267,2.74185,0.0,0.0,0.9698969188944269,Micro-PVM_2,DAM_vs_Homeostatic
FOXP2,107.175606,5.4118166,0.0,0.0,0.8109778545536928,Micro-PVM_2,DAM_vs_Homeostatic
SYNDIG1,107.13179,5.8062396,0.0,0.0,0.7808393747168102,Micro-PVM_2,DAM_vs_Homeostatic
APBB1IP,105.68629,2.803348,0.0,0.0,0.9601551880380608,Micro-PVM_2,DAM_vs_Homeostatic
PLXDC2,105.26591,1.457442,0.0,0.0,0.998994676030811,Micro-PVM_2,DAM_vs_Homeostatic
LINC02232,103.43735,5.8537545,0.0,0.0,0.7472247394653375,Micro-PVM_2,DAM_vs_Homeostatic
C3,103.069855,4.656501,0.0,0.0,0.8289745695514272,Micro-PVM_2,DAM_vs_Homeostatic
IPCEF1,102.271645,4.922113,0.0,0.0,0.787196986859991,Micro-PVM_2,DAM_vs_Homeostatic
HS3ST4,101.286476,4.4373045,0.0,0.0,0.86217857951971,Micro-PVM_2,DAM_vs_Homeostatic
RNASET2,101.2378,3.0112352,0.0,0.0,0.9391778998640689,Micro-PVM_2,DAM_vs_Homeostatic
DOCK8,100.72598,2.0783308,0.0,0.0,0.9761412550974173,Micro-PVM_2,DAM_vs_Homeostatic
LHFPL2,99.77741,3.131546,0.0,0.0,0.9182784888989579,Micro-PVM_2,DAM_vs_Homeostatic
P2RY12,98.6451,4.675472,0.0,0.0,0.766694041685546,Micro-PVM_2,DAM_vs_Homeostatic
KCNQ3,98.03813,3.811892,0.0,0.0,0.903106592659719,Micro-PVM_2,DAM_vs_Homeostatic
SRGAP2,95.94233,1.7499137,0.0,0.0,0.9817484141368373,Micro-PVM_2,DAM_vs_Homeostatic
FAM149A,94.93363,4.522356,0.0,0.0,0.7544673198912552,Micro-PVM_2,DAM_vs_Homeostatic
MEF2A,94.68359,1.4232794,0.0,0.0,0.9904919007702764,Micro-PVM_2,DAM_vs_Homeostatic
PALD1,94.14325,2.9631143,0.0,0.0,0.8800974173085636,Micro-PVM_2,DAM_vs_Homeostatic
OXR1,93.19355,2.8173091,0.0,0.0,0.9121332691436339,Micro-PVM_2,DAM_vs_Homeostatic
ADAM28,92.201294,3.056405,0.0,0.0,0.9434045083824196,Micro-PVM_2,DAM_vs_Homeostatic
ANKRD44,91.48378,2.3235683,0.0,0.0,0.9438576121431808,Micro-PVM_2,DAM_vs_Homeostatic
LPCAT2,91.19011,3.0072792,0.0,0.0,0.8655980969642048,Micro-PVM_2,DAM_vs_Homeostatic
BHLHE41,90.38861,3.9271636,0.0,0.0,0.7527115428183054,Micro-PVM_2,DAM_vs_Homeostatic
DLEU1,89.56828,2.5988927,0.0,0.0,0.9361123697326688,Micro-PVM_2,DAM_vs_Homeostatic
TMEM156,88.32419,4.7333884,0.0,0.0,0.6703316153149071,Micro-PVM_2,DAM_vs_Homeostatic
MCF2L,87.93162,4.1458516,0.0,0.0,0.699988672405981,Micro-PVM_2,DAM_vs_Homeostatic
PCNX2,87.53125,3.306189,0.0,0.0,0.8173425464431355,Micro-PVM_2,DAM_vs_Homeostatic
RASSF8,86.1965,4.0984297,0.0,0.0,0.7159676597190757,Micro-PVM_2,DAM_vs_Homeostatic
IL6ST,86.12762,2.647271,0.0,0.0,0.8552829066606252,Micro-PVM_2,DAM_vs_Homeostatic
DOCK10,86.05418,2.7395227,0.0,0.0,0.9038074875396466,Micro-PVM_2,DAM_vs_Homeostatic
ITPR2,85.36858,1.4801908,0.0,0.0,0.9817484141368373,Micro-PVM_2,DAM_vs_Homeostatic
GLDN,85.01194,4.1735764,0.0,0.0,0.6961939284096058,Micro-PVM_2,DAM_vs_Homeostatic
SDK1,84.878525,3.7889435,0.0,0.0,0.7748145106479384,Micro-PVM_2,DAM_vs_Homeostatic
IGSF21,84.744736,3.5404196,0.0,0.0,0.8022768463978251,Micro-PVM_2,DAM_vs_Homeostatic
ST6GALNAC3,84.13171,3.3381653,0.0,0.0,0.8503200045310376,Micro-PVM_2,DAM_vs_Homeostatic
CYFIP1,83.41695,2.2766652,0.0,0.0,0.8802673312188491,Micro-PVM_2,DAM_vs_Homeostatic
ARHGAP22,83.39658,2.391203,0.0,0.0,0.9064836316266425,Micro-PVM_2,DAM_vs_Homeostatic
BLNK,83.00516,3.0805657,0.0,0.0,0.7885633778885365,Micro-PVM_2,DAM_vs_Homeostatic
DOCK4,81.79005,1.293672,0.0,0.0,0.9967716357045764,Micro-PVM_2,DAM_vs_Homeostatic
KHDRBS3,80.89194,3.236403,0.0,0.0,0.7495893747168102,Micro-PVM_2,DAM_vs_Homeostatic
RUNX2,80.03551,3.192904,0.0,0.0,0.777979157227005,Micro-PVM_2,DAM_vs_Homeostatic
AL392172.2,79.483376,3.301249,0.0,0.0,0.7772570231082918,Micro-PVM_2,DAM_vs_Homeostatic
CX3CR1,79.19131,5.22889,0.0,0.0,0.5698558563661078,Micro-PVM_2,DAM_vs_Homeostatic
TLN2,78.952415,3.5044332,0.0,0.0,0.6803777752605347,Micro-PVM_2,DAM_vs_Homeostatic
SPATA13,78.26758,3.5280864,0.0,0.0,0.68189284096058,Micro-PVM_2,DAM_vs_Homeostatic
RASGEF1C,78.11593,4.7313204,0.0,0.0,0.5859976778432261,Micro-PVM_2,DAM_vs_Homeostatic
JAZF1,77.33964,2.2619653,0.0,0.0,0.9052375962845491,Micro-PVM_2,DAM_vs_Homeostatic
A2M,77.24946,2.94133,0.0,0.0,0.7642656887177164,Micro-PVM_2,DAM_vs_Homeostatic
SPP1,76.166855,3.8202305,0.0,0.0,0.7564992070684187,Micro-PVM_2,DAM_vs_Homeostatic
CACNA1A,75.67208,3.0563283,0.0,0.0,0.7139924105120072,Micro-PVM_2,DAM_vs_Homeostatic
LNCAROD,75.38691,3.4130728,0.0,0.0,0.8450809922972361,Micro-PVM_2,DAM_vs_Homeostatic
SRGAP2B,75.367325,2.0151076,0.0,0.0,0.8978463411871318,Micro-PVM_2,DAM_vs_Homeostatic
TIAM1,74.738235,2.8707755,0.0,0.0,0.7322439963751699,Micro-PVM_2,DAM_vs_Homeostatic
FMNL3,74.05577,2.654593,0.0,0.0,0.7629134571816946,Micro-PVM_2,DAM_vs_Homeostatic
TENM4,73.97119,3.1957064,0.0,0.0,0.675542308563661,Micro-PVM_2,DAM_vs_Homeostatic
SFMBT2,73.69754,1.6571208,0.0,0.0,0.9725447439963751,Micro-PVM_2,DAM_vs_Homeostatic
INPP5D,73.418076,1.8027359,0.0,0.0,0.9186183167195288,Micro-PVM_2,DAM_vs_Homeostatic
FYB1,73.26554,2.021561,0.0,0.0,0.9327848889895786,Micro-PVM_2,DAM_vs_Homeostatic
KCNIP1,72.15918,4.667611,0.0,0.0,0.5395474626189397,Micro-PVM_2,DAM_vs_Homeostatic
CHST11,71.79203,1.4530118,0.0,0.0,0.9773094132306298,Micro-PVM_2,DAM_vs_Homeostatic
IFNGR1,71.635315,2.2429283,0.0,0.0,0.8121176937018577,Micro-PVM_2,DAM_vs_Homeostatic
LINC01141,70.25222,5.388344,0.0,0.0,0.4967999546896239,Micro-PVM_2,DAM_vs_Homeostatic
FOXN3,69.391396,1.2098687,0.0,0.0,0.9821307204349796,Micro-PVM_2,DAM_vs_Homeostatic
SHTN1,69.28378,1.8926066,0.0,0.0,0.8626812415043045,Micro-PVM_2,DAM_vs_Homeostatic
MAML3,68.462906,1.9284089,0.0,0.0,0.949054145899411,Micro-PVM_2,DAM_vs_Homeostatic
RASAL2,68.04787,2.4155555,0.0,0.0,0.7809384911644767,Micro-PVM_2,DAM_vs_Homeostatic
AL357522.1,67.06521,2.691502,0.0,0.0,0.7208597643860444,Micro-PVM_2,DAM_vs_Homeostatic
PICALM,67.023346,1.104318,0.0,0.0,0.9697624037154509,Micro-PVM_2,DAM_vs_Homeostatic
SH3KBP1,65.41417,1.8203388,0.0,0.0,0.8540793497961033,Micro-PVM_2,DAM_vs_Homeostatic
ANOS1,64.633385,3.1790583,0.0,0.0,0.5837533982782057,Micro-PVM_2,DAM_vs_Homeostatic
SRGAP2C,64.307594,1.7584597,0.0,0.0,0.8469783642954236,Micro-PVM_2,DAM_vs_Homeostatic
SOCS6,64.0113,2.5944297,0.0,0.0,0.6552871545083824,Micro-PVM_2,DAM_vs_Homeostatic
ATP8B4,63.498947,1.6770416,0.0,0.0,0.9281759741730856,Micro-PVM_2,DAM_vs_Homeostatic
MAP4K4,63.344704,1.6799572,0.0,0.0,0.8732725419120979,Micro-PVM_2,DAM_vs_Homeostatic
DSCAM,63.072376,2.3923132,0.0,0.0,0.7134189510647938,Micro-PVM_2,DAM_vs_Homeostatic
CSF1R,62.871502,1.6285484,0.0,0.0,0.8715096850928863,Micro-PVM_2,DAM_vs_Homeostatic
MTHFD1L,62.79118,2.1896813,0.0,0.0,0.8405074762120526,Micro-PVM_2,DAM_vs_Homeostatic
MARCH3,62.694733,3.414196,0.0,0.0,0.5369704349796103,Micro-PVM_2,DAM_vs_Homeostatic
MEF2C,62.62808,1.157116,0.0,0.0,0.9766155980969642,Micro-PVM_2,DAM_vs_Homeostatic
BMP2K,62.391327,1.3076369,0.0,0.0,0.9562754870865429,Micro-PVM_2,DAM_vs_Homeostatic
AC079015.1,61.673077,3.2644053,0.0,0.0,0.5269171952877209,Micro-PVM_2,DAM_vs_Homeostatic
DENND3,61.526855,1.6889877,0.0,0.0,0.867452990484821,Micro-PVM_2,DAM_vs_Homeostatic
AC012150.1,60.769768,3.2333493,0.0,0.0,0.5208781717263253,Micro-PVM_2,DAM_vs_Homeostatic
LY86,60.597984,2.0877686,0.0,0.0,0.7777667648391482,Micro-PVM_2,DAM_vs_Homeostatic
ENTPD1,60.25302,2.1884801,0.0,0.0,0.7795225419120979,Micro-PVM_2,DAM_vs_Homeostatic
SLC2A5,60.050186,2.484968,0.0,0.0,0.6854185545990031,Micro-PVM_2,DAM_vs_Homeostatic
AC087564.1,59.311653,4.2329063,0.0,0.0,0.44896210919800633,Micro-PVM_2,DAM_vs_Homeostatic
LRRK1,59.237503,1.8948921,0.0,0.0,0.783458880833711,Micro-PVM_2,DAM_vs_Homeostatic
SLC8A1,59.23356,1.4945079,0.0,0.0,0.9687429202537381,Micro-PVM_2,DAM_vs_Homeostatic
HIVEP3,58.586773,2.283246,0.0,0.0,0.7024382646125963,Micro-PVM_2,DAM_vs_Homeostatic
AC120193.1,58.487797,2.6166022,0.0,0.0,0.6198034662437698,Micro-PVM_2,DAM_vs_Homeostatic
ADGRG1,58.460896,2.4860399,0.0,0.0,0.6226707634798369,Micro-PVM_2,DAM_vs_Homeostatic
DLEU7,58.394176,2.87014,0.0,0.0,0.5604822723153602,Micro-PVM_2,DAM_vs_Homeostatic
ATP2C1,57.828415,1.8315357,0.0,0.0,0.7870199932034436,Micro-PVM_2,DAM_vs_Homeostatic
VASH1,57.63416,2.8788044,0.0,0.0,0.5244676030811056,Micro-PVM_2,DAM_vs_Homeostatic
LRMDA,57.515503,0.8323814,0.0,0.0,0.9961061395559583,Micro-PVM_2,DAM_vs_Homeostatic
USP6NL,57.39725,2.1347365,0.0,0.0,0.6976806751246035,Micro-PVM_2,DAM_vs_Homeostatic
NCK2,57.067947,1.7894734,0.0,0.0,0.8020644540099683,Micro-PVM_2,DAM_vs_Homeostatic
PADI2,57.036934,2.90619,0.0,0.0,0.5557459220661531,Micro-PVM_2,DAM_vs_Homeostatic
GALNT2,56.923794,1.6527749,0.0,0.0,0.8201319664703217,Micro-PVM_2,DAM_vs_Homeostatic
ITM2B,56.50167,1.6093763,0.0,0.0,0.8539589941096511,Micro-PVM_2,DAM_vs_Homeostatic
LINC02798,56.443737,2.0746334,0.0,0.0,0.7485698912550974,Micro-PVM_2,DAM_vs_Homeostatic
CARD11,55.665756,2.959475,0.0,0.0,0.5011115201631173,Micro-PVM_2,DAM_vs_Homeostatic
CPED1,55.306915,2.0575557,0.0,0.0,0.772704746261894,Micro-PVM_2,DAM_vs_Homeostatic
LRRC8C,55.04913,2.253752,0.0,0.0,0.6187556637970095,Micro-PVM_2,DAM_vs_Homeostatic
CACNA1D,54.90403,2.614225,0.0,0.0,0.5439723040326234,Micro-PVM_2,DAM_vs_Homeostatic
SCIN,54.718525,2.3543646,0.0,0.0,0.6183379587675578,Micro-PVM_2,DAM_vs_Homeostatic
FAM49B,54.49157,0.9762799,0.0,0.0,0.9521975532396919,Micro-PVM_2,DAM_vs_Homeostatic
TAB2,54.473698,1.4242938,0.0,0.0,0.8638635591300408,Micro-PVM_2,DAM_vs_Homeostatic
AKT3,54.39324,1.6937762,0.0,0.0,0.8422278545536928,Micro-PVM_2,DAM_vs_Homeostatic
SPECC1,54.365414,2.0124924,0.0,0.0,0.7067498300860897,Micro-PVM_2,DAM_vs_Homeostatic
RGS10,54.178356,2.1691086,0.0,0.0,0.6125608858178523,Micro-PVM_2,DAM_vs_Homeostatic
CTTNBP2,53.917305,1.7959412,0.0,0.0,0.7796924558223833,Micro-PVM_2,DAM_vs_Homeostatic
SERPINB9,53.81225,2.1766877,0.0,0.0,0.6172689170820118,Micro-PVM_2,DAM_vs_Homeostatic
CSF2RA,53.732616,2.0342736,0.0,0.0,0.6787352741277752,Micro-PVM_2,DAM_vs_Homeostatic
TANC1,53.58799,3.8948739,0.0,0.0,0.4117438830992297,Micro-PVM_2,DAM_vs_Homeostatic
SPNS2,53.56092,3.9331653,0.0,0.0,0.40654026959673767,Micro-PVM_2,DAM_vs_Homeostatic
LINC02712,53.24279,6.873434,0.0,0.0,0.36181751246035343,Micro-PVM_2,DAM_vs_Homeostatic
BIN1,53.128597,2.3545346,0.0,0.0,0.5605813887630268,Micro-PVM_2,DAM_vs_Homeostatic
ZMAT3,52.543118,2.5251527,0.0,0.0,0.5271579066606252,Micro-PVM_2,DAM_vs_Homeostatic
ARHGAP25,52.51425,1.8568385,0.0,0.0,0.736718396012687,Micro-PVM_2,DAM_vs_Homeostatic
MGAT4A,52.485054,1.2525158,0.0,0.0,0.908522598550068,Micro-PVM_2,DAM_vs_Homeostatic
AC008691.1,52.360287,4.788323,0.0,0.0,0.38094698685999095,Micro-PVM_2,DAM_vs_Homeostatic
CACNB4,52.234047,2.2520738,0.0,0.0,0.5831940983235161,Micro-PVM_2,DAM_vs_Homeostatic
TBC1D1,51.931187,1.6146598,0.0,0.0,0.7775543724512913,Micro-PVM_2,DAM_vs_Homeostatic
KLHL5,51.845512,1.8733523,0.0,0.0,0.701461259628455,Micro-PVM_2,DAM_vs_Homeostatic
LINC01094,51.839256,2.45575,0.0,0.0,0.5397881739918441,Micro-PVM_2,DAM_vs_Homeostatic
CD74,51.81638,1.8582972,0.0,0.0,0.8397641028545537,Micro-PVM_2,DAM_vs_Homeostatic
GRID2,51.64424,2.7527843,0.0,0.0,0.576319664703217,Micro-PVM_2,DAM_vs_Homeostatic
KCNK13,51.533997,2.4582927,0.0,0.0,0.5512573629361124,Micro-PVM_2,DAM_vs_Homeostatic
ARHGAP24,51.324554,0.9568072,0.0,0.0,0.989918441323063,Micro-PVM_2,DAM_vs_Homeostatic
EVL,50.980427,1.7694986,0.0,0.0,0.6924487426370639,Micro-PVM_2,DAM_vs_Homeostatic
TTC7A,50.912636,1.8627806,0.0,0.0,0.6893336542818306,Micro-PVM_2,DAM_vs_Homeostatic
ITGAX,50.77428,2.508413,0.0,0.0,0.5132178862709561,Micro-PVM_2,DAM_vs_Homeostatic
AC044781.1,50.73313,3.6232479,0.0,0.0,0.3978251019483462,Micro-PVM_2,DAM_vs_Homeostatic
PIP5K1B,50.707226,2.9544318,0.0,0.0,0.44506116900770276,Micro-PVM_2,DAM_vs_Homeostatic
SSH1,49.995106,1.7981071,0.0,0.0,0.6636129361123697,Micro-PVM_2,DAM_vs_Homeostatic
OLR1,49.65556,3.0103035,0.0,0.0,0.4314538966923425,Micro-PVM_2,DAM_vs_Homeostatic
LRMP,49.641453,1.9928737,0.0,0.0,0.610040496148618,Micro-PVM_2,DAM_vs_Homeostatic
SSH2,49.51695,0.94931376,0.0,0.0,0.9781165043044857,Micro-PVM_2,DAM_vs_Homeostatic
PGM5,49.506794,2.252321,0.0,0.0,0.5363828160398731,Micro-PVM_2,DAM_vs_Homeostatic
B3GNT5,49.3167,2.3797069,0.0,0.0,0.5077240031717263,Micro-PVM_2,DAM_vs_Homeostatic
ABR,48.71123,1.0137048,0.0,0.0,0.9140872791119167,Micro-PVM_2,DAM_vs_Homeostatic
AC025569.1,48.486305,3.8714368,0.0,0.0,0.37107782057091077,Micro-PVM_2,DAM_vs_Homeostatic
RTTN,48.481335,2.1428008,0.0,0.0,0.5584787041232442,Micro-PVM_2,DAM_vs_Homeostatic
MAP3K5,48.458847,1.3592261,0.0,0.0,0.8432331785228817,Micro-PVM_2,DAM_vs_Homeostatic
HDAC9,48.42371,1.7619323,0.0,0.0,0.895226835070231,Micro-PVM_2,DAM_vs_Homeostatic
SYK,48.3052,1.2141021,0.0,0.0,0.8784973946533756,Micro-PVM_2,DAM_vs_Homeostatic
ARHGAP12,48.05524,1.3581301,0.0,0.0,0.8039405867693702,Micro-PVM_2,DAM_vs_Homeostatic
POU2F2,48.036285,1.8731815,0.0,0.0,0.6460905641141822,Micro-PVM_2,DAM_vs_Homeostatic
PRAM1,47.97418,2.5460687,0.0,0.0,0.4598436792025374,Micro-PVM_2,DAM_vs_Homeostatic
HTRA1,47.94989,2.8181028,0.0,0.0,0.4277653488898958,Micro-PVM_2,DAM_vs_Homeostatic
ATM,47.855377,1.1454066,0.0,0.0,0.9002888536474852,Micro-PVM_2,DAM_vs_Homeostatic
WNT5A,47.596317,3.8588269,0.0,0.0,0.36132193022202086,Micro-PVM_2,DAM_vs_Homeostatic
CDK6,47.494633,1.8214859,0.0,0.0,0.6567031037607612,Micro-PVM_2,DAM_vs_Homeostatic
PRKCA,47.397366,1.5713162,0.0,0.0,0.7806765405527866,Micro-PVM_2,DAM_vs_Homeostatic
GPR34,47.39525,2.0324142,0.0,0.0,0.5514414363389216,Micro-PVM_2,DAM_vs_Homeostatic
ZFP36L2,47.16116,1.7709676,0.0,0.0,0.7124702650657,Micro-PVM_2,DAM_vs_Homeostatic
GNG7,46.96586,1.707036,0.0,0.0,0.6740980403262347,Micro-PVM_2,DAM_vs_Homeostatic
NUAK1,46.953808,2.302909,0.0,0.0,0.48796443135478024,Micro-PVM_2,DAM_vs_Homeostatic
KBTBD12,46.95196,3.1761625,0.0,0.0,0.3916020049841414,Micro-PVM_2,DAM_vs_Homeostatic
WDFY4,46.624287,1.3734297,0.0,0.0,0.7563788513819665,Micro-PVM_2,DAM_vs_Homeostatic
FCGR3A,46.578064,2.337496,0.0,0.0,0.47928466243769824,Micro-PVM_2,DAM_vs_Homeostatic
ITPR1,46.462254,1.948096,0.0,0.0,0.5740329066606252,Micro-PVM_2,DAM_vs_Homeostatic
C12orf75,46.07595,4.272446,0.0,0.0,0.3379870865428183,Micro-PVM_2,DAM_vs_Homeostatic
LINC01268,45.993042,4.07812,0.0,0.0,0.3414066039873131,Micro-PVM_2,DAM_vs_Homeostatic
MPZL1,45.939247,1.8361886,0.0,0.0,0.5875552220208428,Micro-PVM_2,DAM_vs_Homeostatic
SLC25A37,45.663765,1.5290145,0.0,0.0,0.7597983688264612,Micro-PVM_2,DAM_vs_Homeostatic
FAM177B,45.59703,2.502747,0.0,0.0,0.44646295876755776,Micro-PVM_2,DAM_vs_Homeostatic
P3H2,45.53946,2.7982395,0.0,0.0,0.4114394540099683,Micro-PVM_2,DAM_vs_Homeostatic
ARL5A,45.3967,1.597808,0.0,0.0,0.6463879134571817,Micro-PVM_2,DAM_vs_Homeostatic
PTPRC,45.205925,1.1743796,0.0,0.0,0.9229723606705935,Micro-PVM_2,DAM_vs_Homeostatic
AOAH,45.18377,1.4974217,0.0,0.0,0.8839134005437245,Micro-PVM_2,DAM_vs_Homeostatic
GAREM1,45.11415,1.8507378,0.0,0.0,0.5876118599909379,Micro-PVM_2,DAM_vs_Homeostatic
SETBP1,44.68437,2.055058,0.0,0.0,0.5223153602174898,Micro-PVM_2,DAM_vs_Homeostatic
SRGAP3,44.48837,1.7290004,0.0,0.0,0.6228902356139556,Micro-PVM_2,DAM_vs_Homeostatic
LPIN2,44.43606,1.5284703,0.0,0.0,0.6768733008608971,Micro-PVM_2,DAM_vs_Homeostatic
ELMO1,44.129433,0.6958827,0.0,0.0,0.9872706162211147,Micro-PVM_2,DAM_vs_Homeostatic
ENTPD1-AS1,44.11281,1.6912565,0.0,0.0,0.650572043497961,Micro-PVM_2,DAM_vs_Homeostatic
MED13L,43.985924,0.72927433,0.0,0.0,0.9626897371998188,Micro-PVM_2,DAM_vs_Homeostatic
TBC1D22A,43.940125,0.8768231,0.0,0.0,0.9189510647938378,Micro-PVM_2,DAM_vs_Homeostatic
MICOS10,43.709885,2.641064,0.0,0.0,0.40715620752152243,Micro-PVM_2,DAM_vs_Homeostatic
STRBP,43.675804,1.9814289,0.0,0.0,0.5173453783416402,Micro-PVM_2,DAM_vs_Homeostatic
MYOF,43.59234,1.7698221,0.0,0.0,0.5766594925237879,Micro-PVM_2,DAM_vs_Homeostatic
IKZF1,43.485302,1.3174831,0.0,0.0,0.7932360104213865,Micro-PVM_2,DAM_vs_Homeostatic
CSF3R,43.382145,1.5830554,0.0,0.0,0.6453471907566832,Micro-PVM_2,DAM_vs_Homeostatic
PRKCH,43.31064,1.8422781,0.0,0.0,0.6163627095604893,Micro-PVM_2,DAM_vs_Homeostatic
TBXAS1,43.16253,0.88316715,0.0,0.0,0.9598295197100136,Micro-PVM_2,DAM_vs_Homeostatic
UBE2E2,43.110397,0.9457723,0.0,0.0,0.9546896239238786,Micro-PVM_2,DAM_vs_Homeostatic
LINC01374,42.99202,1.7662704,0.0,0.0,0.7397485274127775,Micro-PVM_2,DAM_vs_Homeostatic
CIITA,42.9288,1.6464727,0.0,0.0,0.6576942682374264,Micro-PVM_2,DAM_vs_Homeostatic
TMIGD3,42.838734,2.0528104,0.0,0.0,0.47197836429542367,Micro-PVM_2,DAM_vs_Homeostatic
FAM135A,42.672043,1.2913109,0.0,0.0,0.7548000679655641,Micro-PVM_2,DAM_vs_Homeostatic
CD86,42.626755,1.5680392,0.0,0.0,0.713206558676937,Micro-PVM_2,DAM_vs_Homeostatic
OPRM1,42.53695,3.31768,0.0,0.0,0.34379955822383323,Micro-PVM_2,DAM_vs_Homeostatic
AC090579.1,42.2562,3.2661064,0.0,0.0,0.34513763026733124,Micro-PVM_2,DAM_vs_Homeostatic
EML4,42.01081,1.4124684,0.0,0.0,0.6934611463525148,Micro-PVM_2,DAM_vs_Homeostatic
LRCH1,41.8846,1.093069,0.0,0.0,0.8486491844132307,Micro-PVM_2,DAM_vs_Homeostatic
TMSB4X,41.799572,1.4239864,0.0,0.0,0.7481238672405981,Micro-PVM_2,DAM_vs_Homeostatic
EML1,41.63573,3.0917952,0.0,0.0,0.3448119619392841,Micro-PVM_2,DAM_vs_Homeostatic
AC066613.2,41.52382,2.9849153,0.0,0.0,0.3524510081558677,Micro-PVM_2,DAM_vs_Homeostatic
SH3RF3,41.512947,1.3981895,0.0,0.0,0.8985897145446308,Micro-PVM_2,DAM_vs_Homeostatic
APPL2,41.35466,1.3024722,0.0,0.0,0.7198756796556411,Micro-PVM_2,DAM_vs_Homeostatic
GNB4,41.236824,1.4003954,0.0,0.0,0.6885973606705935,Micro-PVM_2,DAM_vs_Homeostatic
ZNRF2,41.208866,1.4546697,0.0,0.0,0.6645403828726778,Micro-PVM_2,DAM_vs_Homeostatic
LAT2,41.184593,1.7058196,0.0,0.0,0.5373031830539193,Micro-PVM_2,DAM_vs_Homeostatic
DIAPH2,41.0959,0.97750264,0.0,0.0,0.9278998640688718,Micro-PVM_2,DAM_vs_Homeostatic
RGS12,41.078396,1.5822562,0.0,0.0,0.605842206615315,Micro-PVM_2,DAM_vs_Homeostatic
ABHD15-AS1,41.03293,1.824943,0.0,0.0,0.5332252492070684,Micro-PVM_2,DAM_vs_Homeostatic
APOC2,40.893013,3.2810102,0.0,0.0,0.3284931468056185,Micro-PVM_2,DAM_vs_Homeostatic
PKN2,40.857594,1.0605956,0.0,0.0,0.8370879587675578,Micro-PVM_2,DAM_vs_Homeostatic
IL13RA1,40.745205,1.3263874,0.0,0.0,0.710870242410512,Micro-PVM_2,DAM_vs_Homeostatic
ARHGEF6,40.52884,1.5466746,0.0,0.0,0.6016722360670593,Micro-PVM_2,DAM_vs_Homeostatic
PAG1,40.395527,1.2553866,0.0,0.0,0.8186169007702764,Micro-PVM_2,DAM_vs_Homeostatic
RPS6KA3,40.174686,1.2748833,0.0,0.0,0.7421556411418215,Micro-PVM_2,DAM_vs_Homeostatic
TRAF3IP3,40.12639,2.695362,0.0,0.0,0.3539802333484368,Micro-PVM_2,DAM_vs_Homeostatic
LINC00578,40.11191,3.9689853,0.0,0.0,0.3000750453103761,Micro-PVM_2,DAM_vs_Homeostatic
STAMBPL1,39.91654,1.8967408,0.0,0.0,0.4740385704576348,Micro-PVM_2,DAM_vs_Homeostatic
PKD2,39.89255,1.4852726,0.0,0.0,0.6167945740824649,Micro-PVM_2,DAM_vs_Homeostatic
PREX1,39.80496,0.852537,0.0,0.0,0.9061650430448572,Micro-PVM_2,DAM_vs_Homeostatic
SIGLEC8,39.524254,2.4244668,0.0,0.0,0.37235217489805167,Micro-PVM_2,DAM_vs_Homeostatic
TAL1,39.35365,2.3998544,0.0,0.0,0.3728689963751699,Micro-PVM_2,DAM_vs_Homeostatic
TGFBR2,39.30744,1.1911304,0.0,0.0,0.774906547349343,Micro-PVM_2,DAM_vs_Homeostatic
ERC2,39.289577,1.6671641,0.0,0.0,0.5393492297236067,Micro-PVM_2,DAM_vs_Homeostatic
ALPK1,39.274685,1.3493615,0.0,0.0,0.698254134571817,Micro-PVM_2,DAM_vs_Homeostatic
GALNT10,38.93896,1.5610287,0.0,0.0,0.5707054259175351,Micro-PVM_2,DAM_vs_Homeostatic
ST3GAL6,38.885307,1.4705262,0.0,0.0,0.6432091073855913,Micro-PVM_2,DAM_vs_Homeostatic
IRF8,38.874485,1.9571515,0.0,0.0,0.4388026733121885,Micro-PVM_2,DAM_vs_Homeostatic
PLA2G4A,38.8532,1.4171152,0.0,0.0,0.6274212732215677,Micro-PVM_2,DAM_vs_Homeostatic
MLXIPL,38.781982,2.2930348,0.0,0.0,0.3777257023108292,Micro-PVM_2,DAM_vs_Homeostatic
AC079793.1,38.50844,1.8265474,0.0,0.0,0.4824847077480743,Micro-PVM_2,DAM_vs_Homeostatic
VSIR,38.43816,1.371917,0.0,0.0,0.6349045650203897,Micro-PVM_2,DAM_vs_Homeostatic
DPYSL2,38.34492,1.3286356,0.0,0.0,0.6674997168101495,Micro-PVM_2,DAM_vs_Homeostatic
NIBAN1,38.244328,2.2813287,0.0,0.0,0.39114182147711823,Micro-PVM_2,DAM_vs_Homeostatic
GPCPD1,38.194107,1.3666993,0.0,0.0,0.6201716130493883,Micro-PVM_2,DAM_vs_Homeostatic
MIS18BP1,38.141838,1.3854182,0.0,0.0,0.6621049501585863,Micro-PVM_2,DAM_vs_Homeostatic
DDX5,38.130962,0.9662394,0.0,0.0,0.857435149524241,Micro-PVM_2,DAM_vs_Homeostatic
SKI,38.1104,1.3050354,0.0,0.0,0.6506003624830086,Micro-PVM_2,DAM_vs_Homeostatic
ADAM10,38.092846,1.0772867,0.0,0.0,0.7861421046669688,Micro-PVM_2,DAM_vs_Homeostatic
TGFBR1,37.901764,1.1925709,0.0,0.0,0.7555929995468963,Micro-PVM_2,DAM_vs_Homeostatic
LPAR6,37.884476,1.1360987,0.0,0.0,0.8435871658359765,Micro-PVM_2,DAM_vs_Homeostatic
RHBDF2,37.874527,0.9772771,0.0,0.0,0.8569183280471228,Micro-PVM_2,DAM_vs_Homeostatic
METTL7A,37.744198,2.0072496,0.0,0.0,0.40749603534209333,Micro-PVM_2,DAM_vs_Homeostatic
ADAMTSL2,37.711067,4.7208543,0.0,0.0,0.2674090960579973,Micro-PVM_2,DAM_vs_Homeostatic
CHD9,37.509056,0.889382,6.556985235902411e-308,6.137908353433865e-306,0.8974073969188944,Micro-PVM_2,DAM_vs_Homeostatic
DCAF6,37.397823,1.1798298,4.2391154704331635e-306,3.958057789115414e-304,0.7054967149977345,Micro-PVM_2,DAM_vs_Homeostatic
OTULINL,37.320755,1.4167056,7.560862867319669e-305,7.041606661749802e-303,0.5790524467603081,Micro-PVM_2,DAM_vs_Homeostatic
RAPGEF6,37.31405,1.07972,9.713249162023963e-305,9.023214024853784e-303,0.7729596171273222,Micro-PVM_2,DAM_vs_Homeostatic
SYT6,37.265244,3.7328613,6.002432213634046e-304,5.547854077051003e-302,0.2811579632985954,Micro-PVM_2,DAM_vs_Homeostatic
PDGFB,37.25049,1.6618848,1.0404785501007536e-303,9.5925832272639e-302,0.5142019710013593,Micro-PVM_2,DAM_vs_Homeostatic
ARHGAP15,37.24447,0.9601014,1.302252168076689e-303,1.197581196074746e-301,0.9427673312188491,Micro-PVM_2,DAM_vs_Homeostatic
RASA3,37.229935,1.670083,2.2382325778927843e-303,2.0531716938208972e-301,0.4850121771635705,Micro-PVM_2,DAM_vs_Homeostatic
CSGALNACT1,37.197945,1.2881386,7.366310260754473e-303,6.723549173413328e-301,0.920076744449479,Micro-PVM_2,DAM_vs_Homeostatic
COTL1,37.1043,1.6526619,2.3947113779805262e-301,2.1803191827230158e-299,0.48811310602628,Micro-PVM_2,DAM_vs_Homeostatic
SLC4A7,36.905895,1.0591451,3.7172379614330932e-298,3.3760453257174356e-296,0.8218311055731763,Micro-PVM_2,DAM_vs_Homeostatic
NFATC2,36.870457,1.1630504,1.3752234646716213e-297,1.2428284945789139e-295,0.7481875849569551,Micro-PVM_2,DAM_vs_Homeostatic
CHD7,36.794506,1.1132902,2.2603238276497635e-296,2.0276988337208084e-294,0.7605417421839601,Micro-PVM_2,DAM_vs_Homeostatic
BCO2,36.76629,2.4779916,6.385981030541184e-296,5.714750408284544e-294,0.33909860670593567,Micro-PVM_2,DAM_vs_Homeostatic
GSN,36.695892,1.2318583,8.492371352109683e-295,7.581202045330891e-293,0.6816804485727231,Micro-PVM_2,DAM_vs_Homeostatic
MRC2,36.581833,4.0725617,5.562636284654023e-293,4.953723860209778e-291,0.268095831445401,Micro-PVM_2,DAM_vs_Homeostatic
SKIL,36.45733,1.4657717,5.265362120045531e-291,4.677609683392876e-289,0.553020219755324,Micro-PVM_2,DAM_vs_Homeostatic
ZEB1,36.13903,1.7089977,5.532363013030618e-286,4.8675485249984053e-284,0.48323516085183504,Micro-PVM_2,DAM_vs_Homeostatic
HEATR5B,35.971123,1.2250628,2.366582743385718e-283,2.072231937575614e-281,0.6342036701404622,Micro-PVM_2,DAM_vs_Homeostatic
SEMA4D,35.94094,1.5186435,7.011720297267332e-283,6.110380347625753e-281,0.5093169460806525,Micro-PVM_2,DAM_vs_Homeostatic
DST,35.88385,1.1177449,5.456231835557549e-282,4.732311407896726e-280,0.8020502945174445,Micro-PVM_2,DAM_vs_Homeostatic
CCDC26,35.74733,2.5289264,7.279409704726598e-280,6.283813080252315e-278,0.3581431241504304,Micro-PVM_2,DAM_vs_Homeostatic
KCNMB2-AS1,35.726353,2.797997,1.5413758444262015e-279,1.3274328772198447e-277,0.31514782510194833,Micro-PVM_2,DAM_vs_Homeostatic
KIF26B,35.723953,2.5957763,1.679392968548333e-279,1.4428981699961862e-277,0.32173198912550977,Micro-PVM_2,DAM_vs_Homeostatic
MARCKS,35.706818,1.532604,3.098303738317144e-279,2.6557614783640697e-277,0.5025557884005437,Micro-PVM_2,DAM_vs_Homeostatic
PLCL1,35.65331,1.7062247,2.093777215272753e-278,1.7863482483962245e-276,0.4824705482555505,Micro-PVM_2,DAM_vs_Homeostatic
ZFHX3,35.63438,0.7986566,4.113293270749521e-278,3.5011778372721677e-276,0.9353973153602175,Micro-PVM_2,DAM_vs_Homeostatic
NCK1-DT,35.574917,2.1591737,3.4230539549405584e-277,2.9001666158513745e-275,0.35951659492523785,Micro-PVM_2,DAM_vs_Homeostatic
TM6SF1,35.514973,1.5337263,2.8870900113434e-276,2.4404245151311726e-274,0.4850546556411418,Micro-PVM_2,DAM_vs_Homeostatic
S100Z,35.404682,2.2731984,1.446405790661273e-274,1.208673478173362e-272,0.35165099682827367,Micro-PVM_2,DAM_vs_Homeostatic
SELPLG,35.23409,2.6197681,6.01394970654578e-272,5.002649391120048e-270,0.3105389102854554,Micro-PVM_2,DAM_vs_Homeostatic
MYCBP2,35.00939,0.72075015,1.6190742921638794e-268,1.3346787875560844e-266,0.9131598323516085,Micro-PVM_2,DAM_vs_Homeostatic
PRKD3,34.9993,1.3516556,2.3057092467602895e-268,1.8964329020376036e-266,0.5604539533303127,Micro-PVM_2,DAM_vs_Homeostatic
TRIM22,34.98069,1.3459336,4.423900718015069e-268,3.630475116145057e-266,0.5678806071590394,Micro-PVM_2,DAM_vs_Homeostatic
DIP2B,34.930077,0.8263964,2.5990186403929725e-267,2.1281136746537625e-265,0.900104780244676,Micro-PVM_2,DAM_vs_Homeostatic
HK2,34.893288,2.126524,9.398429268056094e-267,7.661289746996015e-265,0.3516226778432261,Micro-PVM_2,DAM_vs_Homeostatic
CCDC18-AS1,34.743774,1.2368847,1.7211227654708105e-264,1.3998847630888252e-262,0.6651067625736293,Micro-PVM_2,DAM_vs_Homeostatic
UVRAG,34.742462,0.9067553,1.8014688368488512e-264,1.4619858292129667e-262,0.8245709673765292,Micro-PVM_2,DAM_vs_Homeostatic
SIPA1L2,34.71536,1.2355764,4.621129893623177e-264,3.7419906025774755e-262,0.6766892274580879,Micro-PVM_2,DAM_vs_Homeostatic
ELK3,34.473038,1.8577405,2.0341878459276018e-260,1.6291752592734386e-258,0.39000198232895333,Micro-PVM_2,DAM_vs_Homeostatic
APMAP,34.455914,1.4173684,3.672361675025233e-260,2.934762219816562e-258,0.515894030357952,Micro-PVM_2,DAM_vs_Homeostatic
LINC01736,34.257385,3.698945,3.386024375521227e-257,2.6825081854643383e-255,0.2574054145899411,Micro-PVM_2,DAM_vs_Homeostatic
STK17A,34.002335,2.036331,2.0575255857188948e-253,1.612580170511719e-251,0.3580935659265972,Micro-PVM_2,DAM_vs_Homeostatic
RAC1,33.85691,1.171528,2.8714780833162524e-251,2.245704472808935e-249,0.625205312641595,Micro-PVM_2,DAM_vs_Homeostatic
SPATA6,33.820488,1.3277241,9.859220192413172e-251,7.694185890458731e-249,0.599831502038967,Micro-PVM_2,DAM_vs_Homeostatic
CAPZB,33.635612,0.80184335,5.061648279360077e-248,3.916731261582625e-246,0.8313604440416855,Micro-PVM_2,DAM_vs_Homeostatic
CDYL,33.629803,1.1460973,6.154694796839247e-248,4.752489119390575e-246,0.666728024467603,Micro-PVM_2,DAM_vs_Homeostatic
LDLRAD4,33.62925,0.7192018,6.270205061503677e-248,4.831490009602022e-246,0.9757447893067512,Micro-PVM_2,DAM_vs_Homeostatic
LINC01410,33.412804,1.8985618,8.93483172727027e-245,6.855844361631428e-243,0.3646635704576348,Micro-PVM_2,DAM_vs_Homeostatic
HLA-DRA,33.400665,1.3700837,1.3407632152301285e-244,1.0266375405991198e-242,0.6002562868146806,Micro-PVM_2,DAM_vs_Homeostatic
CAMK1D,33.399815,1.0421438,1.3794156495908484e-244,1.054029064523479e-242,0.8036998753964658,Micro-PVM_2,DAM_vs_Homeostatic
OSBPL6,33.254166,1.8954582,1.7770105095191763e-242,1.3550075345606534e-240,0.3708795876755777,Micro-PVM_2,DAM_vs_Homeostatic
SLC8A1-AS1,33.152386,1.958007,5.232097862321284e-241,3.973029333170566e-239,0.3640759515178976,Micro-PVM_2,DAM_vs_Homeostatic
ZNF652,33.129833,1.2232896,1.1055341137942061e-240,8.377568136435143e-239,0.6050492750339828,Micro-PVM_2,DAM_vs_Homeostatic
EPB41,33.03269,1.2432706,2.757604016169996e-239,2.0853525742941742e-237,0.5878525713638423,Micro-PVM_2,DAM_vs_Homeostatic
QKI,33.019463,0.48800418,4.270119708024193e-239,3.2224876584204843e-237,0.9800421952877209,Micro-PVM_2,DAM_vs_Homeostatic
ARHGAP21,32.90621,0.97662127,1.7911813669577826e-237,1.3406754440086259e-235,0.7772924218396012,Micro-PVM_2,DAM_vs_Homeostatic
NLRP1,32.887764,1.7026931,3.288162485288018e-237,2.4561231657964644e-235,0.4109792705029452,Micro-PVM_2,DAM_vs_Homeostatic
AL353138.1,32.86518,3.903241,6.913120582462957e-237,5.153301964128853e-235,0.2443645219755324,Micro-PVM_2,DAM_vs_Homeostatic
MICU3,32.82818,1.3316566,2.333685052148508e-236,1.7360814348310475e-234,0.5357173198912552,Micro-PVM_2,DAM_vs_Homeostatic
LMO2,32.69702,1.8924649,1.7216812603542693e-234,1.275612465794061e-232,0.3580935659265972,Micro-PVM_2,DAM_vs_Homeostatic
LRRC8D,32.696037,1.2474273,1.777953736361701e-234,1.3146441354459519e-232,0.5986845831445401,Micro-PVM_2,DAM_vs_Homeostatic
P2RY13,32.5903,2.33767,5.627783981124987e-233,4.144517535073554e-231,0.3049742297236067,Micro-PVM_2,DAM_vs_Homeostatic
RGS1,32.467613,1.7210871,3.056409599297498e-231,2.2373529548777543e-229,0.4465337562301767,Micro-PVM_2,DAM_vs_Homeostatic
AUTS2,32.295692,1.0407739,8.040269748990563e-229,5.873890480694682e-227,0.8414207634798369,Micro-PVM_2,DAM_vs_Homeostatic
TLR10,32.11455,3.833724,2.7618258599242093e-226,2.005666434505674e-224,0.23816974399637517,Micro-PVM_2,DAM_vs_Homeostatic
PLPP1,31.985468,1.9636686,1.736602603731457e-224,1.2536763688200209e-222,0.3448048821930222,Micro-PVM_2,DAM_vs_Homeostatic
APOE,31.943819,1.2335138,6.58331647284427e-224,4.743227681546715e-222,0.6998116787494336,Micro-PVM_2,DAM_vs_Homeostatic
USP53,31.913261,1.218731,1.7481968861557435e-223,1.257087509433917e-221,0.6940841640235614,Micro-PVM_2,DAM_vs_Homeostatic
SORT1,31.81569,1.0995082,3.927982783702791e-222,2.8024970344309136e-220,0.6924629021295877,Micro-PVM_2,DAM_vs_Homeostatic
MEF2C-AS1,31.814014,1.2182274,4.143035328605166e-222,2.950179689927581e-220,0.6371488445854101,Micro-PVM_2,DAM_vs_Homeostatic
SLC39A10,31.51428,1.2558676,5.536577769806972e-218,3.934840445683592e-216,0.528580935659266,Micro-PVM_2,DAM_vs_Homeostatic
LIMS1,31.472422,1.0480107,2.0717920969403185e-217,1.4667246139286768e-215,0.725093452650657,Micro-PVM_2,DAM_vs_Homeostatic
LPAR5,31.378729,1.7426723,3.947653117401028e-216,2.7839701685933535e-214,0.365583937471681,Micro-PVM_2,DAM_vs_Homeostatic
AIDA,31.280493,1.3773538,8.596693933865045e-215,6.050915282180663e-213,0.47447751472587224,Micro-PVM_2,DAM_vs_Homeostatic
RPS6KA2,31.158524,1.0368624,3.888183908033195e-213,2.7158667789679954e-211,0.7581771069324875,Micro-PVM_2,DAM_vs_Homeostatic
MCF2L2,31.102884,1.6677086,2.2015935838864907e-212,1.534867176453894e-210,0.3862709560489352,Micro-PVM_2,DAM_vs_Homeostatic
SALL1,31.054995,4.239448,9.768208599647006e-212,6.784178424206453e-210,0.22385449705482555,Micro-PVM_2,DAM_vs_Homeostatic
AZIN1-AS1,30.9964,1.7318451,6.027433419776228e-211,4.17822141282632e-209,0.3686707068418668,Micro-PVM_2,DAM_vs_Homeostatic
MIR99AHG,30.968475,1.0658612,1.4331069245084645e-210,9.91552864724656e-209,0.7951121431807884,Micro-PVM_2,DAM_vs_Homeostatic
AIG1,30.910742,1.2472485,8.567516309439832e-210,5.905455074233659e-208,0.5486661758042591,Micro-PVM_2,DAM_vs_Homeostatic
MED12L,30.879236,1.6443356,2.269987495391773e-209,1.56172579546681e-207,0.3824054145899411,Micro-PVM_2,DAM_vs_Homeostatic
AP003086.1,30.864698,1.2641747,3.5575014378988945e-209,2.4429288954697458e-207,0.5544644879927504,Micro-PVM_2,DAM_vs_Homeostatic
HPS3,30.82361,1.2896603,1.2650634393502435e-208,8.622455669210105e-207,0.5009840847304032,Micro-PVM_2,DAM_vs_Homeostatic
YWHAH,30.821808,1.4923725,1.337356630848536e-208,9.081371065990217e-207,0.41501472587222477,Micro-PVM_2,DAM_vs_Homeostatic
XYLT1,30.733736,1.7939328,2.017056638864408e-207,1.3671535192421517e-205,0.35557317625736296,Micro-PVM_2,DAM_vs_Homeostatic
PLD1,30.682573,1.359456,9.722417187751655e-207,6.565501687987054e-205,0.49163881966470324,Micro-PVM_2,DAM_vs_Homeostatic
PLCG2,30.598211,0.79116833,1.2928788430769966e-205,8.714670080195423e-204,0.9051951178069778,Micro-PVM_2,DAM_vs_Homeostatic
SESN3,30.577509,1.3907275,2.4370603302420283e-205,1.6396846534409647e-203,0.45953217036701405,Micro-PVM_2,DAM_vs_Homeostatic
AC024145.1,30.520103,2.3375936,1.4102179366163678e-204,9.470713155613886e-203,0.28731734254644314,Micro-PVM_2,DAM_vs_Homeostatic
CTTNBP2NL,30.519024,1.0634938,1.457502817556433e-204,9.77034077387967e-203,0.6307275147258722,Micro-PVM_2,DAM_vs_Homeostatic
RCSD1,30.51736,1.0328068,1.5334670951784392e-204,1.026077315367935e-202,0.7456742750339828,Micro-PVM_2,DAM_vs_Homeostatic
PTGS1,30.357979,2.4106498,1.971501570786956e-202,1.3119805271340613e-200,0.27495610557317623,Micro-PVM_2,DAM_vs_Homeostatic
ST5,30.32225,2.0505922,5.835735148291507e-202,3.8764744494122944e-200,0.3114805165382873,Micro-PVM_2,DAM_vs_Homeostatic
MIR646HG,30.312044,1.2264824,7.9544773394449e-202,5.274308425743166e-200,0.634947043497961,Micro-PVM_2,DAM_vs_Homeostatic
PTPRJ,30.278534,0.82091534,2.197822176565492e-201,1.4546562293756524e-199,0.9045296216583598,Micro-PVM_2,DAM_vs_Homeostatic
LINC01091,30.218966,2.1274805,1.3346895277379582e-200,8.817864874501267e-199,0.3128044290892614,Micro-PVM_2,DAM_vs_Homeostatic
CAMK2D,30.160202,0.95890427,7.883028379256383e-200,5.198679670435367e-198,0.7438618599909379,Micro-PVM_2,DAM_vs_Homeostatic
NXN,30.115685,2.2945912,3.0200021278844997e-199,1.980915732664885e-197,0.2854836882646126,Micro-PVM_2,DAM_vs_Homeostatic
TLR1,30.115093,1.0181285,3.0743244987494736e-199,2.0129400890649282e-197,0.619187528318985,Micro-PVM_2,DAM_vs_Homeostatic
LILRB4,30.113094,2.17493,3.2652272678648983e-199,2.1341175576986275e-197,0.29196165609424557,Micro-PVM_2,DAM_vs_Homeostatic
MTUS1,30.081406,1.1627302,8.48353450580529e-199,5.525015061334153e-197,0.5830312641594925,Micro-PVM_2,DAM_vs_Homeostatic
AZIN2,30.05448,3.0096056,1.9080504948201224e-198,1.2382368113636756e-196,0.24468311055731762,Micro-PVM_2,DAM_vs_Homeostatic
PTAFR,29.909382,1.5032693,1.485883632818994e-196,9.591680219542857e-195,0.39729412097870415,Micro-PVM_2,DAM_vs_Homeostatic
AC023051.1,29.81189,2.2687721,2.7397605109912832e-195,1.753111441657202e-193,0.28532793384685096,Micro-PVM_2,DAM_vs_Homeostatic
NOL4L,29.809624,1.4233811,2.9315466341504737e-195,1.8725573884213173e-193,0.42355289986406885,Micro-PVM_2,DAM_vs_Homeostatic
CTNND1,29.66286,0.7969723,2.3151174190625485e-193,1.4736628287844928e-191,0.7930306977797916,Micro-PVM_2,DAM_vs_Homeostatic
SLC15A2,29.5803,1.2098382,2.678424366053297e-192,1.69901230887204e-190,0.5021026846397825,Micro-PVM_2,DAM_vs_Homeostatic
LIPC,29.517101,3.9205935,1.7371000114534996e-191,1.0980932214025827e-189,0.2176951178069778,Micro-PVM_2,DAM_vs_Homeostatic
RUNX1,29.514988,0.7244388,1.8490525569506102e-191,1.1668478040853325e-189,0.9297901563207974,Micro-PVM_2,DAM_vs_Homeostatic
SAMD12,29.411858,1.2448806,3.8734621208848687e-190,2.4401477983908273e-188,0.5163258948799275,Micro-PVM_2,DAM_vs_Homeostatic
HPGDS,29.236832,1.7675828,6.60267727696691e-188,4.116943628863132e-186,0.33444013366560943,Micro-PVM_2,DAM_vs_Homeostatic
HAVCR2,29.167788,1.0638537,4.97018236171041e-187,3.0937694663429026e-185,0.5901393294064341,Micro-PVM_2,DAM_vs_Homeostatic
PLCL2,29.16569,0.9416675,5.284177529592168e-187,3.278070877298355e-185,0.7585240144993204,Micro-PVM_2,DAM_vs_Homeostatic
RAP1GAP2,29.092775,1.203042,4.430799774573663e-186,2.74402203974908e-184,0.49981592659719076,Micro-PVM_2,DAM_vs_Homeostatic
CD226,29.076256,2.6231077,7.167752940401521e-186,4.431535901547907e-184,0.25185489352061624,Micro-PVM_2,DAM_vs_Homeostatic
DEPTOR,29.063066,1.2886989,1.0521838027875238e-185,6.494262962196655e-184,0.4762474512913457,Micro-PVM_2,DAM_vs_Homeostatic
ATF7IP2,28.950804,1.3138142,2.741628714020648e-184,1.6836636335884186e-182,0.46916062528318986,Micro-PVM_2,DAM_vs_Homeostatic
PSMA1,28.948774,1.0772992,2.907803295282826e-184,1.782722083930431e-182,0.6138210806524694,Micro-PVM_2,DAM_vs_Homeostatic
GARNL3,28.929853,1.2355859,5.030846236703962e-184,3.079163931598691e-182,0.4860387403715451,Micro-PVM_2,DAM_vs_Homeostatic
NRIP1,28.87439,0.8421188,2.50415369003317e-183,1.5301256963089158e-181,0.805087505663797,Micro-PVM_2,DAM_vs_Homeostatic
FAM168A,28.865133,0.90621173,3.2722701612333033e-183,1.9928179729001688e-181,0.7321519596737653,Micro-PVM_2,DAM_vs_Homeostatic
AL163541.1,28.8018,1.4673882,2.0364740729486e-182,1.236102612669846e-180,0.5691620412324422,Micro-PVM_2,DAM_vs_Homeostatic
AC131944.1,28.731144,2.654104,1.558344300864639e-181,9.42759665387548e-180,0.2508991277752605,Micro-PVM_2,DAM_vs_Homeostatic
ARHGAP17,28.606936,1.1700406,5.508331963300496e-180,3.321424352368393e-178,0.4982300634345265,Micro-PVM_2,DAM_vs_Homeostatic
ENO4,28.590416,2.3969345,8.840050150330713e-180,5.32162295316208e-178,0.26168158133212505,Micro-PVM_2,DAM_vs_Homeostatic
KCTD12,28.58531,1.0382415,1.0231004870225716e-179,6.148850726685245e-178,0.592079179882193,Micro-PVM_2,DAM_vs_Homeostatic
ARHGAP20,28.45828,2.3691754,3.8489849282410194e-178,2.301906819584143e-176,0.2643506456728591,Micro-PVM_2,DAM_vs_Homeostatic
BCL2,28.324978,1.1242554,1.702338571489517e-176,1.0131267326030538e-174,0.638890462165836,Micro-PVM_2,DAM_vs_Homeostatic
ACTB,28.28931,0.9781466,4.6782177834768025e-176,2.77516124948192e-174,0.672611293611237,Micro-PVM_2,DAM_vs_Homeostatic
C4orf19,28.276386,3.150019,6.745798901406469e-176,3.99519394159188e-174,0.22550407793384686,Micro-PVM_2,DAM_vs_Homeostatic
OGFRL1,28.250898,0.9450581,1.3876281763307974e-175,8.191706271271535e-174,0.6876274354327141,Micro-PVM_2,DAM_vs_Homeostatic
HLA-DPA1,28.186893,1.3084086,8.465739757510342e-175,4.981584258273891e-173,0.44088411871318534,Micro-PVM_2,DAM_vs_Homeostatic
SP140,28.179564,1.9627005,1.041093798034173e-174,6.106582388116789e-173,0.29443248753964657,Micro-PVM_2,DAM_vs_Homeostatic
GCNT2,28.178703,1.2573372,1.066646880518397e-174,6.246454795816615e-173,0.47021550747621205,Micro-PVM_2,DAM_vs_Homeostatic
FEZ2,28.162937,1.0006901,1.6640010392601389e-174,9.713572892816642e-173,0.6000580539193475,Micro-PVM_2,DAM_vs_Homeostatic
HLA-DRB1,28.149036,1.1137806,2.4623515531053815e-174,1.4351039680765934e-172,0.5934030924331672,Micro-PVM_2,DAM_vs_Homeostatic
UBL3,28.117435,1.047254,5.996955282350646e-174,3.489579654838092e-172,0.590082691436339,Micro-PVM_2,DAM_vs_Homeostatic
CHSY3,28.099384,1.1519579,9.967091147013534e-174,5.790563540822894e-172,0.6566606252831898,Micro-PVM_2,DAM_vs_Homeostatic
BROX,28.075161,1.3527946,1.96982367634482e-173,1.1425913847527218e-171,0.4103491730856366,Micro-PVM_2,DAM_vs_Homeostatic
SUSD3,28.020931,2.2963169,9.033378341376733e-173,5.231498111910281e-171,0.26100192569098324,Micro-PVM_2,DAM_vs_Homeostatic
CDH23,28.02008,1.8634387,9.251469078970131e-173,5.349336805045588e-171,0.3036998753964658,Micro-PVM_2,DAM_vs_Homeostatic
LYST,27.904737,0.8146553,2.337316680001092e-171,1.3472146110979522e-169,0.773575555052107,Micro-PVM_2,DAM_vs_Homeostatic
ALCAM,27.846169,1.1947509,1.1986096600590991e-170,6.887019178622149e-169,0.5392076347983689,Micro-PVM_2,DAM_vs_Homeostatic
PTPRE,27.837399,0.78707254,1.5305184682762053e-170,8.766589429949514e-169,0.8699167421839601,Micro-PVM_2,DAM_vs_Homeostatic
SSPN,27.755224,2.2482164,1.5069833504904317e-169,8.618296501765671e-168,0.26411701404621657,Micro-PVM_2,DAM_vs_Homeostatic
SDCCAG8,27.687086,0.67043144,9.988702541614321e-169,5.703533568262493e-167,0.8904692455822383,Micro-PVM_2,DAM_vs_Homeostatic
RPS6KA1,27.653688,1.2148398,2.5198667478469056e-168,1.4343645853490605e-166,0.4494930901676484,Micro-PVM_2,DAM_vs_Homeostatic
PRDM11,27.64524,2.1937978,3.1837680233481096e-168,1.8094579724000647e-166,0.273037494336203,Micro-PVM_2,DAM_vs_Homeostatic
AL034397.3,27.56562,1.182678,2.8758189143441016e-167,1.6268600940325885e-165,0.49813094698686,Micro-PVM_2,DAM_vs_Homeostatic
MIR31HG,27.5325,3.5202894,7.170639450827475e-167,4.0501940515391424e-165,0.2106366107838695,Micro-PVM_2,DAM_vs_Homeostatic
AMPD3,27.492216,1.2794981,2.175210305798555e-166,1.2267314699928031e-164,0.4237582125056638,Micro-PVM_2,DAM_vs_Homeostatic
DTNA,27.414032,0.9462774,1.8660139737750568e-165,1.0475149916279272e-163,0.7568177956502039,Micro-PVM_2,DAM_vs_Homeostatic
AL078590.2,27.397703,2.1748526,2.920882111908936e-165,1.637170079295237e-163,0.2599895219755324,Micro-PVM_2,DAM_vs_Homeostatic
ARMH4,27.245474,1.282609,1.8802502777672355e-163,1.0490707380572955e-161,0.42241306071590395,Micro-PVM_2,DAM_vs_Homeostatic
KCNMB1,27.156443,3.146147,2.1251350790923995e-162,1.1820983135237221e-160,0.21554995468962393,Micro-PVM_2,DAM_vs_Homeostatic
CD81,27.154716,1.0940213,2.2272180047994726e-162,1.2370016114365022e-160,0.5277880040779338,Micro-PVM_2,DAM_vs_Homeostatic
P2RX7,27.141005,1.0408239,3.2333681105825615e-162,1.793098579021702e-160,0.5462944608065247,Micro-PVM_2,DAM_vs_Homeostatic
PAQR3,27.136858,1.7226146,3.619147910084124e-162,2.000973302975665e-160,0.314836316266425,Micro-PVM_2,DAM_vs_Homeostatic
CD53,27.044882,0.82338065,4.387278540217864e-161,2.41471852406788e-159,0.6918540439510648,Micro-PVM_2,DAM_vs_Homeostatic
TBC1D4,27.03164,1.0007354,6.279471897004996e-161,3.4509752387729707e-159,0.6619845944721341,Micro-PVM_2,DAM_vs_Homeostatic
ETV5,26.977543,1.1079909,2.711618359049109e-160,1.4879751658104414e-158,0.5217843792478477,Micro-PVM_2,DAM_vs_Homeostatic
ZNF846,26.96692,0.97864246,3.61263822369711e-160,1.9794337069691305e-158,0.5863870638876303,Micro-PVM_2,DAM_vs_Homeostatic
DENND11,26.959988,1.088592,4.3562508159377224e-160,2.383305472558095e-158,0.49362822836429543,Micro-PVM_2,DAM_vs_Homeostatic
GPRIN3,26.956503,1.0618538,4.785981948967033e-160,2.6145033628976472e-158,0.5996403488898958,Micro-PVM_2,DAM_vs_Homeostatic
ATP10D,26.846472,1.0771374,9.27390853346444e-159,5.036117599901067e-157,0.4949450611690077,Micro-PVM_2,DAM_vs_Homeostatic
BIN2,26.80971,1.3318622,2.489870402146556e-158,1.348102760191806e-156,0.3903276506570005,Micro-PVM_2,DAM_vs_Homeostatic
MIA2,26.766428,1.0427905,7.95095634482397e-158,4.298566516645526e-156,0.5209489691889443,Micro-PVM_2,DAM_vs_Homeostatic
RAB11A,26.759836,1.0778999,9.48704273641078e-158,5.121463881937625e-156,0.507879757589488,Micro-PVM_2,DAM_vs_Homeostatic
XACT,26.723976,4.0049853,2.4785703213807578e-157,1.3360552626341253e-155,0.20022230403262348,Micro-PVM_2,DAM_vs_Homeostatic
SLC7A6,26.636616,1.1879015,2.5578103341338504e-156,1.374719765633378e-154,0.43570174444947896,Micro-PVM_2,DAM_vs_Homeostatic
ZNF710,26.587778,0.79969,9.399247129957624e-156,5.0443085660348826e-154,0.750332748074309,Micro-PVM_2,DAM_vs_Homeostatic
HAMP,26.580048,2.27223,1.1547165606723541e-155,6.187962055222377e-154,0.24700526733121886,Micro-PVM_2,DAM_vs_Homeostatic
PTCHD4,26.578968,2.2701557,1.1883670141785583e-155,6.358979690928277e-154,0.2587010081558677,Micro-PVM_2,DAM_vs_Homeostatic
GUCY1A1,26.562487,2.7778397,1.8425017653305761e-155,9.844876950783128e-154,0.22272173765292252,Micro-PVM_2,DAM_vs_Homeostatic
IL18,26.482609,0.9128246,1.5374762571504805e-154,8.179239605808829e-153,0.6646536588128682,Micro-PVM_2,DAM_vs_Homeostatic
AC009950.1,26.470144,2.623522,2.1396209862141076e-154,1.1366076591643333e-152,0.22708286135024922,Micro-PVM_2,DAM_vs_Homeostatic
SGK1,26.45404,1.1796688,3.278302687042042e-154,1.7364566808744687e-152,0.4723606705935659,Micro-PVM_2,DAM_vs_Homeostatic
LYN,26.373241,0.67676395,2.778729642952786e-153,1.4675942808328272e-151,0.8506031943815133,Micro-PVM_2,DAM_vs_Homeostatic
TMEM119,26.361465,3.2231207,3.7922719282951286e-153,2.0000136145177234e-151,0.20511440869959222,Micro-PVM_2,DAM_vs_Homeostatic
MRPS28,26.336338,1.0469469,7.359594635613898e-153,3.8758060900446665e-151,0.5345350022655188,Micro-PVM_2,DAM_vs_Homeostatic
ARHGAP26,26.306896,0.4977048,1.5991606696946338e-152,8.409609148203059e-151,0.9754474399637517,Micro-PVM_2,DAM_vs_Homeostatic
AP1B1,26.252422,0.8553163,6.706767742933924e-152,3.511794079529679e-150,0.6391170140462166,Micro-PVM_2,DAM_vs_Homeostatic
RECK,26.218708,1.1463815,1.6263197430527707e-151,8.491430658412904e-150,0.4562896465790666,Micro-PVM_2,DAM_vs_Homeostatic
SLC29A3,26.16015,1.784021,7.554277408567548e-151,3.921902233063558e-149,0.28668724512913457,Micro-PVM_2,DAM_vs_Homeostatic
OSBPL3,26.070312,0.8466914,7.917822151205414e-150,4.10481881807747e-148,0.7103109424558224,Micro-PVM_2,DAM_vs_Homeostatic
MSI2,26.043463,0.9854924,1.595512384062709e-149,8.259879599586875e-148,0.6029961486180335,Micro-PVM_2,DAM_vs_Homeostatic
TRIM36,25.95491,1.9729753,1.600468502571584e-148,8.250527839805992e-147,0.2635435545990032,Micro-PVM_2,DAM_vs_Homeostatic
LINC02057,25.898613,4.881719,6.903777333302088e-148,3.5539402837720074e-146,0.18131938151336657,Micro-PVM_2,DAM_vs_Homeostatic
ADK,25.860231,0.848202,1.8667968011596877e-147,9.569555983087636e-146,0.7331218849116448,Micro-PVM_2,DAM_vs_Homeostatic
MYO6,25.834518,1.6605804,3.632145601698643e-147,1.8567061615610618e-145,0.3016892274580879,Micro-PVM_2,DAM_vs_Homeostatic
RAPGEF1,25.83089,0.78098446,3.989554527419693e-147,2.0365646479510205e-145,0.8282524354327141,Micro-PVM_2,DAM_vs_Homeostatic
FGD4,25.795918,0.7791816,9.853404028513046e-147,5.0089505673278606e-145,0.9363530811055731,Micro-PVM_2,DAM_vs_Homeostatic
RASSF4,25.775864,0.94907844,1.6538762642423796e-146,8.395773252085344e-145,0.55782736746715,Micro-PVM_2,DAM_vs_Homeostatic
FCGR1A,25.714745,1.5848428,7.996441762168232e-146,4.0425105654298266e-144,0.3115513140009062,Micro-PVM_2,DAM_vs_Homeostatic
TMEM163,25.685337,1.3282198,1.7046591491948795e-145,8.605824761335418e-144,0.4485727231536022,Micro-PVM_2,DAM_vs_Homeostatic
TJP1,25.549625,1.2675935,5.543675038746625e-144,2.7909773052704978e-142,0.38894710013593115,Micro-PVM_2,DAM_vs_Homeostatic
PLAG1,25.503922,1.3176677,1.7833780315212527e-143,8.966129029080957e-142,0.37838411871318534,Micro-PVM_2,DAM_vs_Homeostatic
TRERF1,25.488228,1.4914191,2.66248164040369e-143,1.3367556998685247e-141,0.33479412097870415,Micro-PVM_2,DAM_vs_Homeostatic
PLD4,25.434217,3.532544,1.0554479947160975e-142,5.284603564241298e-141,0.19146465790666062,Micro-PVM_2,DAM_vs_Homeostatic
LPAR1,25.285955,1.1526169,4.559182745473353e-141,2.2703489478512954e-139,0.4675818418667875,Micro-PVM_2,DAM_vs_Homeostatic
AC008892.1,25.162672,2.6619968,1.0269056168632209e-139,5.099833444072015e-138,0.21388621431807883,Micro-PVM_2,DAM_vs_Homeostatic
LINC02742,25.118568,2.969877,3.1177625217261356e-139,1.5462496755785677e-137,0.2068772655188038,Micro-PVM_2,DAM_vs_Homeostatic
LINC01176,25.11274,1.2978661,3.610054521274078e-139,1.7879784239939451e-137,0.36668129814227457,Micro-PVM_2,DAM_vs_Homeostatic
TREM2,25.083855,1.9783745,7.462089198458635e-139,3.6908098209835745e-137,0.25265490484821024,Micro-PVM_2,DAM_vs_Homeostatic
PDE3B,25.01063,0.9006743,4.6845439359157874e-138,2.3076580430478297e-136,0.7900076461259629,Micro-PVM_2,DAM_vs_Homeostatic
TSPAN14,24.974678,0.7889579,1.1521382041437781e-137,5.6679315067024765e-136,0.6699776280018124,Micro-PVM_2,DAM_vs_Homeostatic
NUDT3,24.95952,1.2523454,1.683214366576992e-137,8.269440138400601e-136,0.3741787494336203,Micro-PVM_2,DAM_vs_Homeostatic
ARHGAP35,24.91486,0.88676274,5.135519265548779e-137,2.512902949710573e-135,0.6012474512913457,Micro-PVM_2,DAM_vs_Homeostatic
AC131568.1,24.889912,1.6365186,9.568052647757614e-137,4.669337266141019e-135,0.29344840280924334,Micro-PVM_2,DAM_vs_Homeostatic
LST1,24.7217,1.4876533,6.250420516944934e-135,3.034106649080922e-133,0.3135548821930222,Micro-PVM_2,DAM_vs_Homeostatic
AC024257.3,24.67959,2.2768433,1.7716197130968576e-134,8.565793014406616e-133,0.22691294743996376,Micro-PVM_2,DAM_vs_Homeostatic
AKNA,24.618309,1.0432184,8.043878461009169e-134,3.8840896510738335e-132,0.4611180335296783,Micro-PVM_2,DAM_vs_Homeostatic
UNC5B,24.618143,2.2792845,8.076654503563424e-134,3.89477775342457e-132,0.2259217829632986,Micro-PVM_2,DAM_vs_Homeostatic
TMCC3,24.523436,1.0527151,8.308524524500321e-133,4.0013198173846873e-131,0.4958937471681015,Micro-PVM_2,DAM_vs_Homeostatic
GMDS-DT,24.481415,0.9307889,2.3304166106523774e-132,1.1208354581667235e-130,0.6233079406434073,Micro-PVM_2,DAM_vs_Homeostatic
AC046195.1,24.458954,2.916868,4.041389111676843e-132,1.938648530491273e-130,0.1985514839148165,Micro-PVM_2,DAM_vs_Homeostatic
APOC1,24.457405,1.5310569,4.1976435920435924e-132,2.0109679726752295e-130,0.3032538513819665,Micro-PVM_2,DAM_vs_Homeostatic
ERMAP,24.298738,1.7255746,2.0214044204930893e-130,9.571206105364497e-129,0.2701347983688265,Micro-PVM_2,DAM_vs_Homeostatic
JAM2,24.276567,2.6654558,3.4666765530375463e-130,1.639325949841437e-128,0.2048878568192116,Micro-PVM_2,DAM_vs_Homeostatic
MXD4,24.25343,1.2535412,6.083740721963279e-130,2.873174118252619e-128,0.36378568192115995,Micro-PVM_2,DAM_vs_Homeostatic
RALGPS2,24.24144,1.1169591,8.140079787889934e-130,3.834428060702181e-128,0.43240966243769824,Micro-PVM_2,DAM_vs_Homeostatic
NAV2,24.237885,1.1442219,8.874210748452111e-130,4.174871305965241e-128,0.4591286248300861,Micro-PVM_2,DAM_vs_Homeostatic
HLA-DPB1,24.2335,1.1072108,9.871015196274138e-130,4.637856575081255e-128,0.4363035228817399,Micro-PVM_2,DAM_vs_Homeostatic
MEF2C-AS2,24.216194,1.8870727,1.5022281628864277e-129,7.049109357667454e-128,0.25491334390575443,Micro-PVM_2,DAM_vs_Homeostatic
LINC01909,24.208422,2.8388205,1.8138215735307222e-129,8.500343586785912e-128,0.1991461826008156,Micro-PVM_2,DAM_vs_Homeostatic
DEF6,24.084822,1.3225381,3.6055311433607015e-128,1.6789573203326342e-126,0.33722247394653376,Micro-PVM_2,DAM_vs_Homeostatic
MIR222HG,23.988176,1.6603158,3.69483060970524e-127,1.7139986710497022e-125,0.2778021635704576,Micro-PVM_2,DAM_vs_Homeostatic
AP000331.1,23.961235,1.6172875,7.056450647863398e-127,3.2692803818031424e-125,0.2862766198459447,Micro-PVM_2,DAM_vs_Homeostatic
MOB1B,23.82612,0.8254675,1.7910274647782123e-125,8.276943969488302e-124,0.6121361010421387,Micro-PVM_2,DAM_vs_Homeostatic
HIST1H2AC,23.81431,0.9671747,2.3741209124867875e-125,1.0943979788152255e-123,0.56997621205256,Micro-PVM_2,DAM_vs_Homeostatic
MTURN,23.776558,1.3669045,5.83890437776087e-125,2.6881728192506363e-123,0.3233957294970548,Micro-PVM_2,DAM_vs_Homeostatic
TMOD2,23.768461,1.1293321,7.080520057670857e-125,3.2557049576735054e-123,0.3987525487086543,Micro-PVM_2,DAM_vs_Homeostatic
TANC2,23.729881,0.6978522,1.772948278403488e-124,8.141992463970648e-123,0.8283090734028092,Micro-PVM_2,DAM_vs_Homeostatic
STEAP1B,23.67944,1.5144628,5.8735865017096424e-124,2.687239244363433e-122,0.30060602628001815,Micro-PVM_2,DAM_vs_Homeostatic
BICRAL,23.676668,0.8654566,6.272649187065623e-124,2.8662326204218333e-122,0.5790736859990938,Micro-PVM_2,DAM_vs_Homeostatic
LRIG1,23.662436,2.1742918,8.790450732670662e-124,4.01171181130273e-122,0.22308280471227912,Micro-PVM_2,DAM_vs_Homeostatic
ETS2,23.60723,0.9077587,3.248512582845943e-123,1.4788409085167209e-121,0.538131513366561,Micro-PVM_2,DAM_vs_Homeostatic
CBWD5,23.55056,1.2526963,1.2388971089420085e-122,5.632903488743659e-121,0.34895361350249204,Micro-PVM_2,DAM_vs_Homeostatic
NPC1,23.546812,1.0129082,1.3533946500676375e-122,6.145855780040397e-121,0.45054797236067057,Micro-PVM_2,DAM_vs_Homeostatic
PRKN,23.530233,0.84771174,2.0007901048491276e-122,9.074463274793422e-121,0.7741136157680109,Micro-PVM_2,DAM_vs_Homeostatic
DAGLB,23.516418,1.0707939,2.7707121750953814e-122,1.2550846079290354e-120,0.41160228817399186,Micro-PVM_2,DAM_vs_Homeostatic
CYBA,23.467585,0.8800624,8.744420334605753e-122,3.9512904773691995e-120,0.54874405301314,Micro-PVM_2,DAM_vs_Homeostatic
LPXN,23.430105,1.1869606,2.1090537189973583e-121,9.483227907742298e-120,0.37092206615314904,Micro-PVM_2,DAM_vs_Homeostatic
ABI1,23.410158,0.70243186,3.3677722756037945e-121,1.5124396694401775e-119,0.7038683733574989,Micro-PVM_2,DAM_vs_Homeostatic
L3MBTL4,23.334112,0.7955088,1.9982612818868185e-120,8.930202830078075e-119,0.7156349116447667,Micro-PVM_2,DAM_vs_Homeostatic
ARHGDIB,23.299372,1.1202577,4.4987804021461974e-120,2.0080470914506457e-118,0.38907453556864524,Micro-PVM_2,DAM_vs_Homeostatic
ARL6IP5,23.264711,1.2037352,1.0096906138651383e-119,4.495825566676146e-118,0.3580935659265972,Micro-PVM_2,DAM_vs_Homeostatic
HLA-DMB,23.250929,1.0616549,1.3920736683574204e-119,6.19092203348116e-118,0.4239989238785682,Micro-PVM_2,DAM_vs_Homeostatic
CD84,23.19473,0.9193992,5.146325296119708e-119,2.2803953046401628e-117,0.5115753851381967,Micro-PVM_2,DAM_vs_Homeostatic
FGF20,23.1907,2.2636073,5.651554569992868e-119,2.5012400098707253e-117,0.2120596397825102,Micro-PVM_2,DAM_vs_Homeostatic
